<?xml version="1.0" encoding="UTF-8" standalone="yes"?>
<map explain="地图配置数据">
	<tiles explain="地图路点与遮罩数据，其中0为可通行，1为不可通行">
		0|0|0|0|0|0|0|0|0|0|0|0|0|0|0|0●
		0|0|0|0|0|0|0|0|0|0|0|0|0|0|0|0●
		0|0|0|0|0|0|0|0|0|0|0|0|0|0|0|0●
		0|0|0|0|0|0|0|0|0|0|0|0|0|0|0|0●
		0|0|0|0|0|0|0|0|0|0|0|0|0|0|0|0●
		0|0|0|0|0|0|0|0|0|0|0|0|0|0|0|0●
		0|0|0|0|0|1|1|1|1|0|0|0|0|0|0|0●
		0|0|0|0|0|1|1|1|1|0|0|0|0|0|0|0●
		0|0|0|0|0|1|1|1|1|0|1|1|0|0|0|0●
		0|0|0|0|0|1|1|1|1|0|0|1|0|0|0|0●
		0|0|0|0|0|0|0|0|0|1|0|1|0|0|0|0●
		0|0|0|0|0|0|0|0|0|0|0|1|0|0|0|0●
		0|0|0|0|0|0|0|0|0|0|1|0|0|0|0|0●
		0|0|0|0|0|0|0|0|0|0|0|0|0|0|0|0●
		0|0|0|0|0|0|0|0|0|0|0|0|0|0|0|0●
		0|0|0|0|0|0|0|0|0|0|0|0|0|0|0|0●
		0|0|0|0|0|0|0|0|0|0|0|0|0|0|0|0
	</tiles>
	<npc explain="npc名称|初始位置数据(行，列)|响应位置（行，列）|功能数据">
		<n1>理货员|0,0|1,1|0</n1>
	</npc>
	<huojia explain="货架位置数据">
		<h1>0,0</h1>
	</huojia>
</map>