<?xml version="1.0" encoding="UTF-8" standalone="yes"?>
<map explain="地图配置数据">
	<tiles explain="地图路点与遮罩数据，其中0为可通行，1为不可通行">
		0|0|0|0|1|1|1|1|1|0|0|0|0|0|0|0●
		0|0|0|0|0|0|0|0|0|0|0|0|0|0|0|0●
		0|0|0|0|0|0|0|0|0|0|0|0|0|0|0|0●
		0|0|0|0|0|0|0|0|0|0|0|0|0|0|0|0●
		0|0|0|0|0|0|0|0|0|0|0|0|0|0|0|0●
		0|0|0|0|0|0|0|0|0|0|0|0|0|0|0|0●
		0|0|0|0|0|1|1|1|1|0|0|0|0|0|0|0●
		0|0|0|0|0|1|1|1|1|0|0|0|0|0|0|0●
		0|0|0|0|0|1|1|1|1|0|0|0|0|0|0|0●
		0|0|0|0|0|1|1|1|1|0|0|0|0|0|0|0●
		0|0|0|0|0|0|0|0|0|0|0|0|0|0|0|0●
		0|0|0|0|0|0|0|0|0|0|0|0|0|0|0|0●
		0|0|0|0|0|0|0|0|0|0|0|0|0|0|0|0●
		0|0|0|0|0|0|0|0|0|0|0|0|0|0|0|0●
		0|0|0|0|0|0|0|0|0|0|0|0|0|0|0|0●
		0|0|0|0|0|0|0|0|0|0|0|0|0|0|0|0
	</tiles>
	<npc explain="npc名称|初始位置数据(行，列)|响应位置（行，列）|功能数据">
		<n1>理货员|4,1|4,2|0</n1>
	</npc>
	<shelf explain="货架位置数据|响应位置">
		<s1>4,0|4,1</s1>
		<s2>5,0|5,1</s2>
		<s3>6,0|6,1</s3>
		<s4>7,0|7,1</s4>
		<s5>8,0|8,1</s5>
	</shelf>
</map>